associatedReferences,verbatimTaxonRank,acceptedNameUsageID,traitName,measurementType,measurementTypeID,measurementMethod,measurementRemarks,recordLevel,measurementValue,valueSummary,measurementUnit,sampleSizeValue,variance,varianceMeasure,recordNumber,catalogNumber,eventDate,sex,lifeStage,locality,verbatimLatitude,verbatimLongitude,decimalLatitude,decimalLongitude,coordinateUncertaintyInMeters,country,stateProvince,county,habitat
TBC,Apis mellifera,gbif:1341976,body size,head width,http://purl.obolibrary.org/obo/HAO_0002268,calipers,NA,individual,4.25,single observation,mm,NA,NA,NA,NA,UCSB-IZC00036309,18/05/2017,male,adult,"Trigo Road, Isla Vista",NA,NA,34.411177,-119.861674,NA,United States,California,Santa Barbara,NA
TBC,Apis mellifera,gbif:1341976,body size,head width,http://purl.obolibrary.org/obo/HAO_0002268,calipers,NA,individual,3.96,single observation,mm,NA,NA,NA,NA,UCSB-IZC00010344,11/05/2016,female (worker),adult,Lake Los Carneros,NA,NA,34.441666,-119.848335,NA,United States,California,Santa Barbara,NA
TBC,Apis mellifera,gbif:1341976,body size,head width,http://purl.obolibrary.org/obo/HAO_0002268,calipers,NA,individual,3.67,single observation,mm,NA,NA,NA,NA,UCSB-IZC00038712,19/06/1989,female (worker),adult,Santa Cruz Island,NA,NA,34.035595,-119.726303,NA,United States,California,Santa Barbara,NA
TBC,Apis mellifera,gbif:1341976,body size,head width,http://purl.obolibrary.org/obo/HAO_0002268,calipers,NA,individual,3.72,single observation,mm,NA,NA,NA,NA,UCSB-IZC00010513,11/05/1983,female (worker),adult,Winchester Canyon,NA,NA,34.44055,-119.904584,NA,United States,California,Santa Barbara,NA
TBC,Apis mellifera,gbif:1341976,body size,head width,http://purl.obolibrary.org/obo/HAO_0002268,calipers,NA,individual,3.82,single observation,mm,NA,NA,NA,NA,UCSB-IZC00037044,13/08/2019,female (worker),adult,North Parcel,NA,NA,34.4235,-119.8815,NA,United States,California,Santa Barbara,NA
TBC,Apis mellifera,gbif:1341976,body size,head width,http://purl.obolibrary.org/obo/HAO_0002268,calipers,NA,individual,4.33,single observation,mm,NA,NA,NA,NA,UCSB-IZC00038880,20/03/2018,male,adult,Isla Vista,NA,NA,34.413329,-119.860972,NA,United States,California,Santa Barbara,NA
TBC,Apis mellifera,gbif:1341976,body size,head width,http://purl.obolibrary.org/obo/HAO_0002268,calipers,NA,individual,3.72,single observation,mm,NA,NA,NA,NA,UCSB-IZC00042074,09/06/1999,female (worker),adult,"Isla Vista, Anisq'Oyo Park",NA,NA,34.412372,-119.856256,NA,United States,California,Santa Barbara,NA
TBC,Apis mellifera,gbif:1341976,body size,head width,http://purl.obolibrary.org/obo/HAO_0002268,calipers,NA,individual,3.73,single observation,mm,NA,NA,NA,NA,UCSB-IZC00036327,19/11/2019,female (worker),adult,Santa Clara River,NA,NA,34.387065,-118.891438,NA,United States,California,Ventura,NA
TBC,Apis mellifera,gbif:1341976,body size,head width,http://purl.obolibrary.org/obo/HAO_0002268,calipers,NA,individual,3.74,single observation,mm,NA,NA,NA,NA,UCSB-IZC00010524,1983-04-00,female (worker),adult,"University of California, Santa Barbara",NA,NA,34.412534,-119.847305,NA,United States,California,Santa Barbara,NA
TBC,Apis mellifera,gbif:1341976,body size,head width,http://purl.obolibrary.org/obo/HAO_0002268,calipers,NA,individual,3.77,single observation,mm,NA,NA,NA,NA,UCSB-IZC00010557,05/05/1985,female (worker),adult,Figueroa Mountain,NA,NA,34.768394,-119.863098,NA,United States,California,Santa Barbara,NA
TBC,Apis mellifera,gbif:1341976,body size,head width,http://purl.obolibrary.org/obo/HAO_0002268,calipers,NA,individual,4.33,single observation,mm,NA,NA,NA,NA,UCSB-IZC00010368,03/05/1983,male,adult,Rattlesnake Canyon,NA,NA,34.471588,-119.687669,NA,United States,California,Santa Barbara,NA
TBC,Apis mellifera,gbif:1341976,body size,head width,http://purl.obolibrary.org/obo/HAO_0002268,calipers,NA,individual,4.38,single observation,mm,NA,NA,NA,NA,UCSB-IZC00058917,10/05/2018,male,adult,Refugio Canyon,NA,NA,34.494815,-120.065666,NA,United States,California,Santa Barbara,NA
TBC,Apis mellifera,gbif:1341976,body size,head width,http://purl.obolibrary.org/obo/HAO_0002268,calipers,NA,individual,3.79,single observation,mm,NA,NA,NA,NA,UCSB-IZC00063126,,female (queen),adult,Artois,NA,NA,NA,NA,NA,United States,California,Glenn,NA
TBC,Apis mellifera,gbif:1341976,body size,head width,http://purl.obolibrary.org/obo/HAO_0002268,calipers,NA,individual,3.8,single observation,mm,NA,NA,NA,NA,UCSB-IZC00063125,,female (queen),adult,Davis,NA,NA,NA,NA,NA,United States,California,Yolo,NA
TBC,Apis mellifera,gbif:1341976,body size,head width,http://purl.obolibrary.org/obo/HAO_0002268,calipers,NA,individual,4.18,single observation,mm,NA,NA,NA,NA,UCSB-IZC00046552,14/05/2022,male,adult,Gould Park,NA,NA,34.465225,-119.650362,NA,United States,California,Santa Barbara,NA
TBC,Apis mellifera,gbif:1341976,body size,head width,http://purl.obolibrary.org/obo/HAO_0002268,calipers,NA,individual,3.77,single observation,mm,NA,NA,NA,NA,UCSB-IZC00038704,13/07/1989,female (worker),adult,Santa Cruz Island,NA,NA,34.035595,-119.726303,NA,United States,California,Santa Barbara,NA
TBC,Apis mellifera,gbif:1341976,body size,head width,http://purl.obolibrary.org/obo/HAO_0002268,calipers,NA,individual,4.41,single observation,mm,NA,NA,NA,NA,UCSB-IZC00056586,03/06/2019,male,adult,Isla Vista,NA,NA,34.414933,-119.85838,NA,United States,California,Santa Barbara,NA
TBC,Apis mellifera,gbif:1341976,body size,head width,http://purl.obolibrary.org/obo/HAO_0002268,calipers,NA,individual,3.86,single observation,mm,NA,NA,NA,NA,UCSB-IZC00010548,07/05/1982,female (worker),adult,Scofield Park,NA,NA,34.742348,-119.854858,NA,United States,California,Santa Barbara,NA
TBC,Apis mellifera,gbif:1341976,body size,head width,http://purl.obolibrary.org/obo/HAO_0002268,calipers,NA,individual,3.37,single observation,mm,NA,NA,NA,NA,UCSB-IZC00038675,19/06/1989,female (worker),adult,Santa Cruz Island,NA,NA,34.035595,-119.726303,NA,United States,California,Santa Barbara,NA
TBC,Apis mellifera,gbif:1341976,body size,head thickness,NA,calipers,NA,individual,1.62,single observation,mm,NA,NA,NA,NA,UCSB-IZC00036309,18/05/2017,male,adult,"Trigo Road, Isla Vista",NA,NA,34.411177,-119.861674,NA,United States,California,Santa Barbara,NA
TBC,Apis mellifera,gbif:1341976,body size,head thickness,NA,calipers,NA,individual,1.18,single observation,mm,NA,NA,NA,NA,UCSB-IZC00010344,11/05/2016,female (worker),adult,Lake Los Carneros,NA,NA,34.441666,-119.848335,NA,United States,California,Santa Barbara,NA
TBC,Apis mellifera,gbif:1341976,body size,head thickness,NA,calipers,NA,individual,1.32,single observation,mm,NA,NA,NA,NA,UCSB-IZC00038712,19/06/1989,female (worker),adult,Santa Cruz Island,NA,NA,34.035595,-119.726303,NA,United States,California,Santa Barbara,NA
TBC,Apis mellifera,gbif:1341976,body size,head thickness,NA,calipers,NA,individual,1.19,single observation,mm,NA,NA,NA,NA,UCSB-IZC00010513,11/05/1983,female (worker),adult,Winchester Canyon,NA,NA,34.44055,-119.904584,NA,United States,California,Santa Barbara,NA
TBC,Apis mellifera,gbif:1341976,body size,head thickness,NA,calipers,NA,individual,1.44,single observation,mm,NA,NA,NA,NA,UCSB-IZC00037044,13/08/2019,female (worker),adult,North Parcel,NA,NA,34.4235,-119.8815,NA,United States,California,Santa Barbara,NA
TBC,Apis mellifera,gbif:1341976,body size,head thickness,NA,calipers,NA,individual,1.35,single observation,mm,NA,NA,NA,NA,UCSB-IZC00038880,20/03/2018,male,adult,Isla Vista,NA,NA,34.413329,-119.860972,NA,United States,California,Santa Barbara,NA
TBC,Apis mellifera,gbif:1341976,body size,head thickness,NA,calipers,NA,individual,1.21,single observation,mm,NA,NA,NA,NA,UCSB-IZC00042074,09/06/1999,female (worker),adult,"Isla Vista, Anisq'Oyo Park",NA,NA,34.412372,-119.856256,NA,United States,California,Santa Barbara,NA
TBC,Apis mellifera,gbif:1341976,body size,head thickness,NA,calipers,NA,individual,1.23,single observation,mm,NA,NA,NA,NA,UCSB-IZC00036327,19/11/2019,female (worker),adult,Santa Clara River,NA,NA,34.387065,-118.891438,NA,United States,California,Ventura,NA
TBC,Apis mellifera,gbif:1341976,body size,head thickness,NA,calipers,NA,individual,1.57,single observation,mm,NA,NA,NA,NA,UCSB-IZC00010524,1983-04-00,female (worker),adult,"University of California, Santa Barbara",NA,NA,34.412534,-119.847305,NA,United States,California,Santa Barbara,NA
TBC,Apis mellifera,gbif:1341976,body size,head thickness,NA,calipers,NA,individual,1.12,single observation,mm,NA,NA,NA,NA,UCSB-IZC00010557,05/05/1985,female (worker),adult,Figueroa Mountain,NA,NA,34.768394,-119.863098,NA,United States,California,Santa Barbara,NA
TBC,Apis mellifera,gbif:1341976,body size,head thickness,NA,calipers,NA,individual,1.44,single observation,mm,NA,NA,NA,NA,UCSB-IZC00010368,03/05/1983,male,adult,Rattlesnake Canyon,NA,NA,34.471588,-119.687669,NA,United States,California,Santa Barbara,NA
TBC,Apis mellifera,gbif:1341976,body size,head thickness,NA,calipers,NA,individual,1.55,single observation,mm,NA,NA,NA,NA,UCSB-IZC00058917,10/05/2018,male,adult,Refugio Canyon,NA,NA,34.494815,-120.065666,NA,United States,California,Santa Barbara,NA
TBC,Apis mellifera,gbif:1341976,body size,head thickness,NA,calipers,NA,individual,1.41,single observation,mm,NA,NA,NA,NA,UCSB-IZC00063126,,female (queen),adult,Artois,NA,NA,NA,NA,NA,United States,California,Glenn,NA
TBC,Apis mellifera,gbif:1341976,body size,head thickness,NA,calipers,NA,individual,1.33,single observation,mm,NA,NA,NA,NA,UCSB-IZC00063125,,female (queen),adult,Davis,NA,NA,NA,NA,NA,United States,California,Yolo,NA
TBC,Apis mellifera,gbif:1341976,body size,head thickness,NA,calipers,NA,individual,1.63,single observation,mm,NA,NA,NA,NA,UCSB-IZC00046552,14/05/2022,male,adult,Gould Park,NA,NA,34.465225,-119.650362,NA,United States,California,Santa Barbara,NA
TBC,Apis mellifera,gbif:1341976,body size,head thickness,NA,calipers,NA,individual,1.53,single observation,mm,NA,NA,NA,NA,UCSB-IZC00038704,13/07/1989,female (worker),adult,Santa Cruz Island,NA,NA,34.035595,-119.726303,NA,United States,California,Santa Barbara,NA
TBC,Apis mellifera,gbif:1341976,body size,head thickness,NA,calipers,NA,individual,1.53,single observation,mm,NA,NA,NA,NA,UCSB-IZC00056586,03/06/2019,male,adult,Isla Vista,NA,NA,34.414933,-119.85838,NA,United States,California,Santa Barbara,NA
TBC,Apis mellifera,gbif:1341976,body size,head thickness,NA,calipers,NA,individual,1.27,single observation,mm,NA,NA,NA,NA,UCSB-IZC00010548,07/05/1982,female (worker),adult,Scofield Park,NA,NA,34.742348,-119.854858,NA,United States,California,Santa Barbara,NA
TBC,Apis mellifera,gbif:1341976,body size,head thickness,NA,calipers,NA,individual,1.17,single observation,mm,NA,NA,NA,NA,UCSB-IZC00038675,19/06/1989,female (worker),adult,Santa Cruz Island,NA,NA,34.035595,-119.726303,NA,United States,California,Santa Barbara,NA
TBC,Apis mellifera,gbif:1341976,body size,thorax width,NA,calipers,NA,individual,5.4,single observation,mm,NA,NA,NA,NA,UCSB-IZC00036309,18/05/2017,male,adult,"Trigo Road, Isla Vista",NA,NA,34.411177,-119.861674,NA,United States,California,Santa Barbara,NA
TBC,Apis mellifera,gbif:1341976,body size,thorax width,NA,calipers,NA,individual,3.88,single observation,mm,NA,NA,NA,NA,UCSB-IZC00010344,11/05/2016,female (worker),adult,Lake Los Carneros,NA,NA,34.441666,-119.848335,NA,United States,California,Santa Barbara,NA
TBC,Apis mellifera,gbif:1341976,body size,thorax width,NA,calipers,NA,individual,3.8,single observation,mm,NA,NA,NA,NA,UCSB-IZC00038712,19/06/1989,female (worker),adult,Santa Cruz Island,NA,NA,34.035595,-119.726303,NA,United States,California,Santa Barbara,NA
TBC,Apis mellifera,gbif:1341976,body size,thorax width,NA,calipers,NA,individual,3.9,single observation,mm,NA,NA,NA,NA,UCSB-IZC00010513,11/05/1983,female (worker),adult,Winchester Canyon,NA,NA,34.44055,-119.904584,NA,United States,California,Santa Barbara,NA
TBC,Apis mellifera,gbif:1341976,body size,thorax width,NA,calipers,NA,individual,3.93,single observation,mm,NA,NA,NA,NA,UCSB-IZC00037044,13/08/2019,female (worker),adult,North Parcel,NA,NA,34.4235,-119.8815,NA,United States,California,Santa Barbara,NA
TBC,Apis mellifera,gbif:1341976,body size,thorax width,NA,calipers,NA,individual,5.06,single observation,mm,NA,NA,NA,NA,UCSB-IZC00038880,20/03/2018,male,adult,Isla Vista,NA,NA,34.413329,-119.860972,NA,United States,California,Santa Barbara,NA
TBC,Apis mellifera,gbif:1341976,body size,thorax width,NA,calipers,NA,individual,3.66,single observation,mm,NA,NA,NA,NA,UCSB-IZC00042074,09/06/1999,female (worker),adult,"Isla Vista, Anisq'Oyo Park",NA,NA,34.412372,-119.856256,NA,United States,California,Santa Barbara,NA
TBC,Apis mellifera,gbif:1341976,body size,thorax width,NA,calipers,NA,individual,3.59,single observation,mm,NA,NA,NA,NA,UCSB-IZC00036327,19/11/2019,female (worker),adult,Santa Clara River,NA,NA,34.387065,-118.891438,NA,United States,California,Ventura,NA
TBC,Apis mellifera,gbif:1341976,body size,thorax width,NA,calipers,NA,individual,4.39,single observation,mm,NA,NA,NA,NA,UCSB-IZC00010524,1983-04-00,female (worker),adult,"University of California, Santa Barbara",NA,NA,34.412534,-119.847305,NA,United States,California,Santa Barbara,NA
TBC,Apis mellifera,gbif:1341976,body size,thorax width,NA,calipers,NA,individual,3.75,single observation,mm,NA,NA,NA,NA,UCSB-IZC00010557,05/05/1985,female (worker),adult,Figueroa Mountain,NA,NA,34.768394,-119.863098,NA,United States,California,Santa Barbara,NA
TBC,Apis mellifera,gbif:1341976,body size,thorax width,NA,calipers,NA,individual,5.5,single observation,mm,NA,NA,NA,NA,UCSB-IZC00010368,03/05/1983,male,adult,Rattlesnake Canyon,NA,NA,34.471588,-119.687669,NA,United States,California,Santa Barbara,NA
TBC,Apis mellifera,gbif:1341976,body size,thorax width,NA,calipers,NA,individual,5.64,single observation,mm,NA,NA,NA,NA,UCSB-IZC00058917,10/05/2018,male,adult,Refugio Canyon,NA,NA,34.494815,-120.065666,NA,United States,California,Santa Barbara,NA
TBC,Apis mellifera,gbif:1341976,body size,thorax width,NA,calipers,NA,individual,4.73,single observation,mm,NA,NA,NA,NA,UCSB-IZC00063126,,female (queen),adult,Artois,NA,NA,NA,NA,NA,United States,California,Glenn,NA
TBC,Apis mellifera,gbif:1341976,body size,thorax width,NA,calipers,NA,individual,4.76,single observation,mm,NA,NA,NA,NA,UCSB-IZC00063125,,female (queen),adult,Davis,NA,NA,NA,NA,NA,United States,California,Yolo,NA
TBC,Apis mellifera,gbif:1341976,body size,thorax width,NA,calipers,NA,individual,5.22,single observation,mm,NA,NA,NA,NA,UCSB-IZC00046552,14/05/2022,male,adult,Gould Park,NA,NA,34.465225,-119.650362,NA,United States,California,Santa Barbara,NA
TBC,Apis mellifera,gbif:1341976,body size,thorax width,NA,calipers,NA,individual,3.94,single observation,mm,NA,NA,NA,NA,UCSB-IZC00038704,13/07/1989,female (worker),adult,Santa Cruz Island,NA,NA,34.035595,-119.726303,NA,United States,California,Santa Barbara,NA
TBC,Apis mellifera,gbif:1341976,body size,thorax width,NA,calipers,NA,individual,4.92,single observation,mm,NA,NA,NA,NA,UCSB-IZC00056586,03/06/2019,male,adult,Isla Vista,NA,NA,34.414933,-119.85838,NA,United States,California,Santa Barbara,NA
TBC,Apis mellifera,gbif:1341976,body size,thorax width,NA,calipers,NA,individual,3.95,single observation,mm,NA,NA,NA,NA,UCSB-IZC00010548,07/05/1982,female (worker),adult,Scofield Park,NA,NA,34.742348,-119.854858,NA,United States,California,Santa Barbara,NA
TBC,Apis mellifera,gbif:1341976,body size,thorax width,NA,calipers,NA,individual,3.87,single observation,mm,NA,NA,NA,NA,UCSB-IZC00038675,19/06/1989,female (worker),adult,Santa Cruz Island,NA,NA,34.035595,-119.726303,NA,United States,California,Santa Barbara,NA
TBC,Apis mellifera,gbif:1341976,body size,abdomen width,NA,calipers,NA,individual,5.35,single observation,mm,NA,NA,NA,NA,UCSB-IZC00036309,18/05/2017,male,adult,"Trigo Road, Isla Vista",NA,NA,34.411177,-119.861674,NA,United States,California,Santa Barbara,NA
TBC,Apis mellifera,gbif:1341976,body size,abdomen width,NA,calipers,NA,individual,4.24,single observation,mm,NA,NA,NA,NA,UCSB-IZC00010344,11/05/2016,female (worker),adult,Lake Los Carneros,NA,NA,34.441666,-119.848335,NA,United States,California,Santa Barbara,NA
TBC,Apis mellifera,gbif:1341976,body size,abdomen width,NA,calipers,NA,individual,4.07,single observation,mm,NA,NA,NA,NA,UCSB-IZC00038712,19/06/1989,female (worker),adult,Santa Cruz Island,NA,NA,34.035595,-119.726303,NA,United States,California,Santa Barbara,NA
TBC,Apis mellifera,gbif:1341976,body size,abdomen width,NA,calipers,NA,individual,4.32,single observation,mm,NA,NA,NA,NA,UCSB-IZC00010513,11/05/1983,female (worker),adult,Winchester Canyon,NA,NA,34.44055,-119.904584,NA,United States,California,Santa Barbara,NA
TBC,Apis mellifera,gbif:1341976,body size,abdomen width,NA,calipers,NA,individual,4.5,single observation,mm,NA,NA,NA,NA,UCSB-IZC00037044,13/08/2019,female (worker),adult,North Parcel,NA,NA,34.4235,-119.8815,NA,United States,California,Santa Barbara,NA
TBC,Apis mellifera,gbif:1341976,body size,abdomen width,NA,calipers,NA,individual,5.64,single observation,mm,NA,NA,NA,NA,UCSB-IZC00038880,20/03/2018,male,adult,Isla Vista,NA,NA,34.413329,-119.860972,NA,United States,California,Santa Barbara,NA
TBC,Apis mellifera,gbif:1341976,body size,abdomen width,NA,calipers,NA,individual,4.45,single observation,mm,NA,NA,NA,NA,UCSB-IZC00042074,09/06/1999,female (worker),adult,"Isla Vista, Anisq'Oyo Park",NA,NA,34.412372,-119.856256,NA,United States,California,Santa Barbara,NA
TBC,Apis mellifera,gbif:1341976,body size,abdomen width,NA,calipers,NA,individual,4.13,single observation,mm,NA,NA,NA,NA,UCSB-IZC00036327,19/11/2019,female (worker),adult,Santa Clara River,NA,NA,34.387065,-118.891438,NA,United States,California,Ventura,NA
TBC,Apis mellifera,gbif:1341976,body size,abdomen width,NA,calipers,NA,individual,4.49,single observation,mm,NA,NA,NA,NA,UCSB-IZC00010524,1983-04-00,female (worker),adult,"University of California, Santa Barbara",NA,NA,34.412534,-119.847305,NA,United States,California,Santa Barbara,NA
TBC,Apis mellifera,gbif:1341976,body size,abdomen width,NA,calipers,NA,individual,4.57,single observation,mm,NA,NA,NA,NA,UCSB-IZC00010557,05/05/1985,female (worker),adult,Figueroa Mountain,NA,NA,34.768394,-119.863098,NA,United States,California,Santa Barbara,NA
TBC,Apis mellifera,gbif:1341976,body size,abdomen width,NA,calipers,NA,individual,5.86,single observation,mm,NA,NA,NA,NA,UCSB-IZC00010368,03/05/1983,male,adult,Rattlesnake Canyon,NA,NA,34.471588,-119.687669,NA,United States,California,Santa Barbara,NA
TBC,Apis mellifera,gbif:1341976,body size,abdomen width,NA,calipers,NA,individual,5.74,single observation,mm,NA,NA,NA,NA,UCSB-IZC00058917,10/05/2018,male,adult,Refugio Canyon,NA,NA,34.494815,-120.065666,NA,United States,California,Santa Barbara,NA
TBC,Apis mellifera,gbif:1341976,body size,abdomen width,NA,calipers,NA,individual,4.75,single observation,mm,NA,NA,NA,NA,UCSB-IZC00063126,,female (queen),adult,Artois,NA,NA,NA,NA,NA,United States,California,Glenn,NA
TBC,Apis mellifera,gbif:1341976,body size,abdomen width,NA,calipers,NA,individual,4.88,single observation,mm,NA,NA,NA,NA,UCSB-IZC00063125,,female (queen),adult,Davis,NA,NA,NA,NA,NA,United States,California,Yolo,NA
TBC,Apis mellifera,gbif:1341976,body size,abdomen width,NA,calipers,NA,individual,5.72,single observation,mm,NA,NA,NA,NA,UCSB-IZC00046552,14/05/2022,male,adult,Gould Park,NA,NA,34.465225,-119.650362,NA,United States,California,Santa Barbara,NA
TBC,Apis mellifera,gbif:1341976,body size,abdomen width,NA,calipers,NA,individual,4.26,single observation,mm,NA,NA,NA,NA,UCSB-IZC00038704,13/07/1989,female (worker),adult,Santa Cruz Island,NA,NA,34.035595,-119.726303,NA,United States,California,Santa Barbara,NA
TBC,Apis mellifera,gbif:1341976,body size,abdomen width,NA,calipers,NA,individual,5.62,single observation,mm,NA,NA,NA,NA,UCSB-IZC00056586,03/06/2019,male,adult,Isla Vista,NA,NA,34.414933,-119.85838,NA,United States,California,Santa Barbara,NA
TBC,Apis mellifera,gbif:1341976,body size,abdomen width,NA,calipers,NA,individual,4.13,single observation,mm,NA,NA,NA,NA,UCSB-IZC00010548,07/05/1982,female (worker),adult,Scofield Park,NA,NA,34.742348,-119.854858,NA,United States,California,Santa Barbara,NA
TBC,Apis mellifera,gbif:1341976,body size,abdomen width,NA,calipers,NA,individual,4.01,single observation,mm,NA,NA,NA,NA,UCSB-IZC00038675,19/06/1989,female (worker),adult,Santa Cruz Island,NA,NA,34.035595,-119.726303,NA,United States,California,Santa Barbara,NA
TBC,Apis mellifera,gbif:1341976,body size,length t1 to t3,NA,calipers,NA,individual,5.27,single observation,mm,NA,NA,NA,NA,UCSB-IZC00036309,18/05/2017,male,adult,"Trigo Road, Isla Vista",NA,NA,34.411177,-119.861674,NA,United States,California,Santa Barbara,NA
TBC,Apis mellifera,gbif:1341976,body size,length t1 to t4,NA,calipers,NA,individual,3.86,single observation,mm,NA,NA,NA,NA,UCSB-IZC00010344,11/05/2016,female (worker),adult,Lake Los Carneros,NA,NA,34.441666,-119.848335,NA,United States,California,Santa Barbara,NA
TBC,Apis mellifera,gbif:1341976,body size,length t1 to t5,NA,calipers,NA,individual,3.51,single observation,mm,NA,NA,NA,NA,UCSB-IZC00038712,19/06/1989,female (worker),adult,Santa Cruz Island,NA,NA,34.035595,-119.726303,NA,United States,California,Santa Barbara,NA
TBC,Apis mellifera,gbif:1341976,body size,length t1 to t6,NA,calipers,NA,individual,3.42,single observation,mm,NA,NA,NA,NA,UCSB-IZC00010513,11/05/1983,female (worker),adult,Winchester Canyon,NA,NA,34.44055,-119.904584,NA,United States,California,Santa Barbara,NA
TBC,Apis mellifera,gbif:1341976,body size,length t1 to t7,NA,calipers,NA,individual,4.33,single observation,mm,NA,NA,NA,NA,UCSB-IZC00037044,13/08/2019,female (worker),adult,North Parcel,NA,NA,34.4235,-119.8815,NA,United States,California,Santa Barbara,NA
TBC,Apis mellifera,gbif:1341976,body size,length t1 to t8,NA,calipers,NA,individual,6.32,single observation,mm,NA,NA,NA,NA,UCSB-IZC00038880,20/03/2018,male,adult,Isla Vista,NA,NA,34.413329,-119.860972,NA,United States,California,Santa Barbara,NA
TBC,Apis mellifera,gbif:1341976,body size,length t1 to t9,NA,calipers,NA,individual,3.05,single observation,mm,NA,NA,NA,NA,UCSB-IZC00042074,09/06/1999,female (worker),adult,"Isla Vista, Anisq'Oyo Park",NA,NA,34.412372,-119.856256,NA,United States,California,Santa Barbara,NA
TBC,Apis mellifera,gbif:1341976,body size,length t1 to t10,NA,calipers,NA,individual,3.2,single observation,mm,NA,NA,NA,NA,UCSB-IZC00036327,19/11/2019,female (worker),adult,Santa Clara River,NA,NA,34.387065,-118.891438,NA,United States,California,Ventura,NA
TBC,Apis mellifera,gbif:1341976,body size,length t1 to t11,NA,calipers,NA,individual,4.48,single observation,mm,NA,NA,NA,NA,UCSB-IZC00010524,1983-04-00,female (worker),adult,"University of California, Santa Barbara",NA,NA,34.412534,-119.847305,NA,United States,California,Santa Barbara,NA
TBC,Apis mellifera,gbif:1341976,body size,length t1 to t12,NA,calipers,NA,individual,4.51,single observation,mm,NA,NA,NA,NA,UCSB-IZC00010557,05/05/1985,female (worker),adult,Figueroa Mountain,NA,NA,34.768394,-119.863098,NA,United States,California,Santa Barbara,NA
TBC,Apis mellifera,gbif:1341976,body size,length t1 to t13,NA,calipers,NA,individual,4.11,single observation,mm,NA,NA,NA,NA,UCSB-IZC00010368,03/05/1983,male,adult,Rattlesnake Canyon,NA,NA,34.471588,-119.687669,NA,United States,California,Santa Barbara,NA
TBC,Apis mellifera,gbif:1341976,body size,length t1 to t14,NA,calipers,NA,individual,4.57,single observation,mm,NA,NA,NA,NA,UCSB-IZC00058917,10/05/2018,male,adult,Refugio Canyon,NA,NA,34.494815,-120.065666,NA,United States,California,Santa Barbara,NA
TBC,Apis mellifera,gbif:1341976,body size,length t1 to t15,NA,calipers,NA,individual,5.06,single observation,mm,NA,NA,NA,NA,UCSB-IZC00063126,,female (queen),adult,Artois,NA,NA,NA,NA,NA,United States,California,Glenn,NA
TBC,Apis mellifera,gbif:1341976,body size,length t1 to t16,NA,calipers,NA,individual,5.09,single observation,mm,NA,NA,NA,NA,UCSB-IZC00063125,,female (queen),adult,Davis,NA,NA,NA,NA,NA,United States,California,Yolo,NA
TBC,Apis mellifera,gbif:1341976,body size,length t1 to t17,NA,calipers,NA,individual,4.2,single observation,mm,NA,NA,NA,NA,UCSB-IZC00046552,14/05/2022,male,adult,Gould Park,NA,NA,34.465225,-119.650362,NA,United States,California,Santa Barbara,NA
TBC,Apis mellifera,gbif:1341976,body size,length t1 to t18,NA,calipers,NA,individual,4.22,single observation,mm,NA,NA,NA,NA,UCSB-IZC00038704,13/07/1989,female (worker),adult,Santa Cruz Island,NA,NA,34.035595,-119.726303,NA,United States,California,Santa Barbara,NA
TBC,Apis mellifera,gbif:1341976,body size,length t1 to t19,NA,calipers,NA,individual,5.35,single observation,mm,NA,NA,NA,NA,UCSB-IZC00056586,03/06/2019,male,adult,Isla Vista,NA,NA,34.414933,-119.85838,NA,United States,California,Santa Barbara,NA
TBC,Apis mellifera,gbif:1341976,body size,length t1 to t20,NA,calipers,NA,individual,3.52,single observation,mm,NA,NA,NA,NA,UCSB-IZC00010548,07/05/1982,female (worker),adult,Scofield Park,NA,NA,34.742348,-119.854858,NA,United States,California,Santa Barbara,NA
TBC,Apis mellifera,gbif:1341976,body size,length t1 to t21,NA,calipers,NA,individual,3.35,single observation,mm,NA,NA,NA,NA,UCSB-IZC00038675,19/06/1989,female (worker),adult,Santa Cruz Island,NA,NA,34.035595,-119.726303,NA,United States,California,Santa Barbara,NA
TBC,Apis mellifera,gbif:1341976,body size,length t4 to t6,NA,calipers,NA,individual,2.14,single observation,mm,NA,NA,NA,NA,UCSB-IZC00036309,18/05/2017,male,adult,"Trigo Road, Isla Vista",NA,NA,34.411177,-119.861674,NA,United States,California,Santa Barbara,NA
TBC,Apis mellifera,gbif:1341976,body size,length t4 to t7,NA,calipers,NA,individual,2.87,single observation,mm,NA,NA,NA,NA,UCSB-IZC00010344,11/05/2016,female (worker),adult,Lake Los Carneros,NA,NA,34.441666,-119.848335,NA,United States,California,Santa Barbara,NA
TBC,Apis mellifera,gbif:1341976,body size,length t4 to t8,NA,calipers,NA,individual,2.53,single observation,mm,NA,NA,NA,NA,UCSB-IZC00038712,19/06/1989,female (worker),adult,Santa Cruz Island,NA,NA,34.035595,-119.726303,NA,United States,California,Santa Barbara,NA
TBC,Apis mellifera,gbif:1341976,body size,length t4 to t9,NA,calipers,NA,individual,2.89,single observation,mm,NA,NA,NA,NA,UCSB-IZC00010513,11/05/1983,female (worker),adult,Winchester Canyon,NA,NA,34.44055,-119.904584,NA,United States,California,Santa Barbara,NA
TBC,Apis mellifera,gbif:1341976,body size,length t4 to t10,NA,calipers,NA,individual,3.31,single observation,mm,NA,NA,NA,NA,UCSB-IZC00037044,13/08/2019,female (worker),adult,North Parcel,NA,NA,34.4235,-119.8815,NA,United States,California,Santa Barbara,NA
TBC,Apis mellifera,gbif:1341976,body size,length t4 to t11,NA,calipers,NA,individual,4.12,single observation,mm,NA,NA,NA,NA,UCSB-IZC00038880,20/03/2018,male,adult,Isla Vista,NA,NA,34.413329,-119.860972,NA,United States,California,Santa Barbara,NA
TBC,Apis mellifera,gbif:1341976,body size,length t4 to t12,NA,calipers,NA,individual,2.19,single observation,mm,NA,NA,NA,NA,UCSB-IZC00042074,09/06/1999,female (worker),adult,"Isla Vista, Anisq'Oyo Park",NA,NA,34.412372,-119.856256,NA,United States,California,Santa Barbara,NA
TBC,Apis mellifera,gbif:1341976,body size,length t4 to t13,NA,calipers,NA,individual,2.27,single observation,mm,NA,NA,NA,NA,UCSB-IZC00036327,19/11/2019,female (worker),adult,Santa Clara River,NA,NA,34.387065,-118.891438,NA,United States,California,Ventura,NA
TBC,Apis mellifera,gbif:1341976,body size,length t4 to t14,NA,calipers,NA,individual,3.56,single observation,mm,NA,NA,NA,NA,UCSB-IZC00010524,1983-04-00,female (worker),adult,"University of California, Santa Barbara",NA,NA,34.412534,-119.847305,NA,United States,California,Santa Barbara,NA
TBC,Apis mellifera,gbif:1341976,body size,length t4 to t15,NA,calipers,NA,individual,1.95,single observation,mm,NA,NA,NA,NA,UCSB-IZC00010557,05/05/1985,female (worker),adult,Figueroa Mountain,NA,NA,34.768394,-119.863098,NA,United States,California,Santa Barbara,NA
TBC,Apis mellifera,gbif:1341976,body size,length t4 to t16,NA,calipers,NA,individual,2.9,single observation,mm,NA,NA,NA,NA,UCSB-IZC00010368,03/05/1983,male,adult,Rattlesnake Canyon,NA,NA,34.471588,-119.687669,NA,United States,California,Santa Barbara,NA
TBC,Apis mellifera,gbif:1341976,body size,length t4 to t17,NA,calipers,NA,individual,2.68,single observation,mm,NA,NA,NA,NA,UCSB-IZC00058917,10/05/2018,male,adult,Refugio Canyon,NA,NA,34.494815,-120.065666,NA,United States,California,Santa Barbara,NA
TBC,Apis mellifera,gbif:1341976,body size,length t4 to t18,NA,calipers,NA,individual,5.5,single observation,mm,NA,NA,NA,NA,UCSB-IZC00063126,,female (queen),adult,Artois,NA,NA,NA,NA,NA,United States,California,Glenn,NA
TBC,Apis mellifera,gbif:1341976,body size,length t4 to t19,NA,calipers,NA,individual,3.53,single observation,mm,NA,NA,NA,NA,UCSB-IZC00063125,,female (queen),adult,Davis,NA,NA,NA,NA,NA,United States,California,Yolo,NA
TBC,Apis mellifera,gbif:1341976,body size,length t4 to t20,NA,calipers,NA,individual,4.01,single observation,mm,NA,NA,NA,NA,UCSB-IZC00046552,14/05/2022,male,adult,Gould Park,NA,NA,34.465225,-119.650362,NA,United States,California,Santa Barbara,NA
TBC,Apis mellifera,gbif:1341976,body size,length t4 to t21,NA,calipers,NA,individual,3.3,single observation,mm,NA,NA,NA,NA,UCSB-IZC00038704,13/07/1989,female (worker),adult,Santa Cruz Island,NA,NA,34.035595,-119.726303,NA,United States,California,Santa Barbara,NA
TBC,Apis mellifera,gbif:1341976,body size,length t4 to t22,NA,calipers,NA,individual,2.1,single observation,mm,NA,NA,NA,NA,UCSB-IZC00056586,03/06/2019,male,adult,Isla Vista,NA,NA,34.414933,-119.85838,NA,United States,California,Santa Barbara,NA
TBC,Apis mellifera,gbif:1341976,body size,length t4 to t23,NA,calipers,NA,individual,2.62,single observation,mm,NA,NA,NA,NA,UCSB-IZC00010548,07/05/1982,female (worker),adult,Scofield Park,NA,NA,34.742348,-119.854858,NA,United States,California,Santa Barbara,NA
TBC,Apis mellifera,gbif:1341976,body size,length t4 to t24,NA,calipers,NA,individual,2.75,single observation,mm,NA,NA,NA,NA,UCSB-IZC00038675,19/06/1989,female (worker),adult,Santa Cruz Island,NA,NA,34.035595,-119.726303,NA,United States,California,Santa Barbara,NA
TBC,Apis mellifera,gbif:1341976,body size,head volume,NA,calipers,NA,individual,42.734825,single observation,mm3,NA,NA,NA,NA,UCSB-IZC00036309,18/05/2017,male,adult,"Trigo Road, Isla Vista",NA,NA,34.411177,-119.861674,NA,United States,California,Santa Barbara,NA
TBC,Apis mellifera,gbif:1341976,body size,head volume,NA,3d model,NA,individual,25.278975,single observation,mm3,NA,NA,NA,NA,UCSB-IZC00010344,11/05/2016,female (worker),adult,Lake Los Carneros,NA,NA,34.441666,-119.848335,NA,United States,California,Santa Barbara,NA
TBC,Apis mellifera,gbif:1341976,body size,head volume,NA,3d model,NA,individual,25.540425,single observation,mm3,NA,NA,NA,NA,UCSB-IZC00038712,19/06/1989,female (worker),adult,Santa Cruz Island,NA,NA,34.035595,-119.726303,NA,United States,California,Santa Barbara,NA
TBC,Apis mellifera,gbif:1341976,body size,head volume,NA,3d model,NA,individual,18.71685,single observation,mm3,NA,NA,NA,NA,UCSB-IZC00010513,11/05/1983,female (worker),adult,Winchester Canyon,NA,NA,34.44055,-119.904584,NA,United States,California,Santa Barbara,NA
TBC,Apis mellifera,gbif:1341976,body size,head volume,NA,3d model,NA,individual,20.59465,single observation,mm3,NA,NA,NA,NA,UCSB-IZC00037044,13/08/2019,female (worker),adult,North Parcel,NA,NA,34.4235,-119.8815,NA,United States,California,Santa Barbara,NA
TBC,Apis mellifera,gbif:1341976,body size,head volume,NA,3d model,NA,individual,28.597475,single observation,mm3,NA,NA,NA,NA,UCSB-IZC00038880,20/03/2018,male,adult,Isla Vista,NA,NA,34.413329,-119.860972,NA,United States,California,Santa Barbara,NA
TBC,Apis mellifera,gbif:1341976,body size,head volume,NA,3d model,NA,individual,27.9942,single observation,mm3,NA,NA,NA,NA,UCSB-IZC00042074,09/06/1999,female (worker),adult,"Isla Vista, Anisq'Oyo Park",NA,NA,34.412372,-119.856256,NA,United States,California,Santa Barbara,NA
TBC,Apis mellifera,gbif:1341976,body size,head volume,NA,3d model,NA,individual,27.691875,single observation,mm3,NA,NA,NA,NA,UCSB-IZC00036327,19/11/2019,female (worker),adult,Santa Clara River,NA,NA,34.387065,-118.891438,NA,United States,California,Ventura,NA
TBC,Apis mellifera,gbif:1341976,body size,head volume,NA,3d model,NA,individual,20.68125,single observation,mm3,NA,NA,NA,NA,UCSB-IZC00010524,1983-04-00,female (worker),adult,"University of California, Santa Barbara",NA,NA,34.412534,-119.847305,NA,United States,California,Santa Barbara,NA
TBC,Apis mellifera,gbif:1341976,body size,head volume,NA,3d model,NA,individual,24.940875,single observation,mm3,NA,NA,NA,NA,UCSB-IZC00010557,05/05/1985,female (worker),adult,Figueroa Mountain,NA,NA,34.768394,-119.863098,NA,United States,California,Santa Barbara,NA
TBC,Apis mellifera,gbif:1341976,body size,head volume,NA,3d model,NA,individual,28.365575,single observation,mm3,NA,NA,NA,NA,UCSB-IZC00010368,03/05/1983,male,adult,Rattlesnake Canyon,NA,NA,34.471588,-119.687669,NA,United States,California,Santa Barbara,NA
TBC,Apis mellifera,gbif:1341976,body size,head volume,NA,3d model,NA,individual,27.6598,single observation,mm3,NA,NA,NA,NA,UCSB-IZC00058917,10/05/2018,male,adult,Refugio Canyon,NA,NA,34.494815,-120.065666,NA,United States,California,Santa Barbara,NA
TBC,Apis mellifera,gbif:1341976,body size,head volume,NA,3d model,NA,individual,23.04865,single observation,mm3,NA,NA,NA,NA,UCSB-IZC00063126,,female (queen),adult,Artois,NA,NA,NA,NA,NA,United States,California,Glenn,NA
TBC,Apis mellifera,gbif:1341976,body size,head volume,NA,3d model,NA,individual,29.233625,single observation,mm3,NA,NA,NA,NA,UCSB-IZC00063125,,female (queen),adult,Davis,NA,NA,NA,NA,NA,United States,California,Yolo,NA
TBC,Apis mellifera,gbif:1341976,body size,head volume,NA,3d model,NA,individual,23.712875,single observation,mm3,NA,NA,NA,NA,UCSB-IZC00046552,14/05/2022,male,adult,Gould Park,NA,NA,34.465225,-119.650362,NA,United States,California,Santa Barbara,NA
TBC,Apis mellifera,gbif:1341976,body size,head volume,NA,3d model,NA,individual,34.85965,single observation,mm3,NA,NA,NA,NA,UCSB-IZC00038704,13/07/1989,female (worker),adult,Santa Cruz Island,NA,NA,34.035595,-119.726303,NA,United States,California,Santa Barbara,NA
TBC,Apis mellifera,gbif:1341976,body size,head volume,NA,3d model,NA,individual,40.2628,single observation,mm3,NA,NA,NA,NA,UCSB-IZC00056586,03/06/2019,male,adult,Isla Vista,NA,NA,34.414933,-119.85838,NA,United States,California,Santa Barbara,NA
TBC,Apis mellifera,gbif:1341976,body size,head volume,NA,3d model,NA,individual,24.612025,single observation,mm3,NA,NA,NA,NA,UCSB-IZC00010548,07/05/1982,female (worker),adult,Scofield Park,NA,NA,34.742348,-119.854858,NA,United States,California,Santa Barbara,NA
TBC,Apis mellifera,gbif:1341976,body size,head volume,NA,3d model,NA,individual,15.368275,single observation,mm3,NA,NA,NA,NA,UCSB-IZC00038675,19/06/1989,female (worker),adult,Santa Cruz Island,NA,NA,34.035595,-119.726303,NA,United States,California,Santa Barbara,NA
TBC,Apis mellifera,gbif:1341976,body size,mesosoma volume,NA,3d model,NA,individual,184.83675,single observation,mm3,NA,NA,NA,NA,UCSB-IZC00036309,18/05/2017,male,adult,"Trigo Road, Isla Vista",NA,NA,34.411177,-119.861674,NA,United States,California,Santa Barbara,NA
TBC,Apis mellifera,gbif:1341976,body size,mesosoma volume,NA,3d model,NA,individual,91.822825,single observation,mm3,NA,NA,NA,NA,UCSB-IZC00010344,11/05/2016,female (worker),adult,Lake Los Carneros,NA,NA,34.441666,-119.848335,NA,United States,California,Santa Barbara,NA
TBC,Apis mellifera,gbif:1341976,body size,mesosoma volume,NA,3d model,NA,individual,75.872275,single observation,mm3,NA,NA,NA,NA,UCSB-IZC00038712,19/06/1989,female (worker),adult,Santa Cruz Island,NA,NA,34.035595,-119.726303,NA,United States,California,Santa Barbara,NA
TBC,Apis mellifera,gbif:1341976,body size,mesosoma volume,NA,3d model,NA,individual,47.80565,single observation,mm3,NA,NA,NA,NA,UCSB-IZC00010513,11/05/1983,female (worker),adult,Winchester Canyon,NA,NA,34.44055,-119.904584,NA,United States,California,Santa Barbara,NA
TBC,Apis mellifera,gbif:1341976,body size,mesosoma volume,NA,3d model,NA,individual,51.768725,single observation,mm3,NA,NA,NA,NA,UCSB-IZC00037044,13/08/2019,female (worker),adult,North Parcel,NA,NA,34.4235,-119.8815,NA,United States,California,Santa Barbara,NA
TBC,Apis mellifera,gbif:1341976,body size,mesosoma volume,NA,3d model,NA,individual,124.83475,single observation,mm3,NA,NA,NA,NA,UCSB-IZC00038880,20/03/2018,male,adult,Isla Vista,NA,NA,34.413329,-119.860972,NA,United States,California,Santa Barbara,NA
TBC,Apis mellifera,gbif:1341976,body size,mesosoma volume,NA,3d model,NA,individual,70.307425,single observation,mm3,NA,NA,NA,NA,UCSB-IZC00042074,09/06/1999,female (worker),adult,"Isla Vista, Anisq'Oyo Park",NA,NA,34.412372,-119.856256,NA,United States,California,Santa Barbara,NA
TBC,Apis mellifera,gbif:1341976,body size,mesosoma volume,NA,3d model,NA,individual,43.216475,single observation,mm3,NA,NA,NA,NA,UCSB-IZC00036327,19/11/2019,female (worker),adult,Santa Clara River,NA,NA,34.387065,-118.891438,NA,United States,California,Ventura,NA
TBC,Apis mellifera,gbif:1341976,body size,mesosoma volume,NA,3d model,NA,individual,56.2176,single observation,mm3,NA,NA,NA,NA,UCSB-IZC00010524,1983-04-00,female (worker),adult,"University of California, Santa Barbara",NA,NA,34.412534,-119.847305,NA,United States,California,Santa Barbara,NA
TBC,Apis mellifera,gbif:1341976,body size,mesosoma volume,NA,3d model,NA,individual,88.354875,single observation,mm3,NA,NA,NA,NA,UCSB-IZC00010557,05/05/1985,female (worker),adult,Figueroa Mountain,NA,NA,34.768394,-119.863098,NA,United States,California,Santa Barbara,NA
TBC,Apis mellifera,gbif:1341976,body size,mesosoma volume,NA,3d model,NA,individual,136.91675,single observation,mm3,NA,NA,NA,NA,UCSB-IZC00010368,03/05/1983,male,adult,Rattlesnake Canyon,NA,NA,34.471588,-119.687669,NA,United States,California,Santa Barbara,NA
TBC,Apis mellifera,gbif:1341976,body size,mesosoma volume,NA,3d model,NA,individual,209.272,single observation,mm3,NA,NA,NA,NA,UCSB-IZC00058917,10/05/2018,male,adult,Refugio Canyon,NA,NA,34.494815,-120.065666,NA,United States,California,Santa Barbara,NA
TBC,Apis mellifera,gbif:1341976,body size,mesosoma volume,NA,3d model,NA,individual,110.773975,single observation,mm3,NA,NA,NA,NA,UCSB-IZC00063126,,female (queen),adult,Artois,NA,NA,NA,NA,NA,United States,California,Glenn,NA
TBC,Apis mellifera,gbif:1341976,body size,mesosoma volume,NA,3d model,NA,individual,110.8025,single observation,mm3,NA,NA,NA,NA,UCSB-IZC00063125,,female (queen),adult,Davis,NA,NA,NA,NA,NA,United States,California,Yolo,NA
TBC,Apis mellifera,gbif:1341976,body size,mesosoma volume,NA,3d model,NA,individual,121.06495,single observation,mm3,NA,NA,NA,NA,UCSB-IZC00046552,14/05/2022,male,adult,Gould Park,NA,NA,34.465225,-119.650362,NA,United States,California,Santa Barbara,NA
TBC,Apis mellifera,gbif:1341976,body size,mesosoma volume,NA,3d model,NA,individual,72.225925,single observation,mm3,NA,NA,NA,NA,UCSB-IZC00038704,13/07/1989,female (worker),adult,Santa Cruz Island,NA,NA,34.035595,-119.726303,NA,United States,California,Santa Barbara,NA
TBC,Apis mellifera,gbif:1341976,body size,mesosoma volume,NA,3d model,NA,individual,188.14925,single observation,mm3,NA,NA,NA,NA,UCSB-IZC00056586,03/06/2019,male,adult,Isla Vista,NA,NA,34.414933,-119.85838,NA,United States,California,Santa Barbara,NA
TBC,Apis mellifera,gbif:1341976,body size,mesosoma volume,NA,3d model,NA,individual,66.144825,single observation,mm3,NA,NA,NA,NA,UCSB-IZC00010548,07/05/1982,female (worker),adult,Scofield Park,NA,NA,34.742348,-119.854858,NA,United States,California,Santa Barbara,NA
TBC,Apis mellifera,gbif:1341976,body size,mesosoma volume,NA,3d model,NA,individual,56.361225,single observation,mm3,NA,NA,NA,NA,UCSB-IZC00038675,19/06/1989,female (worker),adult,Santa Cruz Island,NA,NA,34.035595,-119.726303,NA,United States,California,Santa Barbara,NA
TBC,Apis mellifera,gbif:1341976,body size,metasoma volume,NA,3d model,NA,individual,120.13,single observation,mm3,NA,NA,NA,NA,UCSB-IZC00036309,18/05/2017,male,adult,"Trigo Road, Isla Vista",NA,NA,34.411177,-119.861674,NA,United States,California,Santa Barbara,NA
TBC,Apis mellifera,gbif:1341976,body size,metasoma volume,NA,3d model,NA,individual,91.18685,single observation,mm3,NA,NA,NA,NA,UCSB-IZC00010344,11/05/2016,female (worker),adult,Lake Los Carneros,NA,NA,34.441666,-119.848335,NA,United States,California,Santa Barbara,NA
TBC,Apis mellifera,gbif:1341976,body size,metasoma volume,NA,3d model,NA,individual,59.923875,single observation,mm3,NA,NA,NA,NA,UCSB-IZC00038712,19/06/1989,female (worker),adult,Santa Cruz Island,NA,NA,34.035595,-119.726303,NA,United States,California,Santa Barbara,NA
TBC,Apis mellifera,gbif:1341976,body size,metasoma volume,NA,3d model,NA,individual,58.20205,single observation,mm3,NA,NA,NA,NA,UCSB-IZC00010513,11/05/1983,female (worker),adult,Winchester Canyon,NA,NA,34.44055,-119.904584,NA,United States,California,Santa Barbara,NA
TBC,Apis mellifera,gbif:1341976,body size,metasoma volume,NA,3d model,NA,individual,79.335375,single observation,mm3,NA,NA,NA,NA,UCSB-IZC00037044,13/08/2019,female (worker),adult,North Parcel,NA,NA,34.4235,-119.8815,NA,United States,California,Santa Barbara,NA
TBC,Apis mellifera,gbif:1341976,body size,metasoma volume,NA,3d model,NA,individual,153.36125,single observation,mm3,NA,NA,NA,NA,UCSB-IZC00038880,20/03/2018,male,adult,Isla Vista,NA,NA,34.413329,-119.860972,NA,United States,California,Santa Barbara,NA
TBC,Apis mellifera,gbif:1341976,body size,metasoma volume,NA,3d model,NA,individual,69.970575,single observation,mm3,NA,NA,NA,NA,UCSB-IZC00042074,09/06/1999,female (worker),adult,"Isla Vista, Anisq'Oyo Park",NA,NA,34.412372,-119.856256,NA,United States,California,Santa Barbara,NA
TBC,Apis mellifera,gbif:1341976,body size,metasoma volume,NA,3d model,NA,individual,54.141725,single observation,mm3,NA,NA,NA,NA,UCSB-IZC00036327,19/11/2019,female (worker),adult,Santa Clara River,NA,NA,34.387065,-118.891438,NA,United States,California,Ventura,NA
TBC,Apis mellifera,gbif:1341976,body size,metasoma volume,NA,3d model,NA,individual,75.096225,single observation,mm3,NA,NA,NA,NA,UCSB-IZC00010524,1983-04-00,female (worker),adult,"University of California, Santa Barbara",NA,NA,34.412534,-119.847305,NA,United States,California,Santa Barbara,NA
TBC,Apis mellifera,gbif:1341976,body size,metasoma volume,NA,3d model,NA,individual,89.024975,single observation,mm3,NA,NA,NA,NA,UCSB-IZC00010557,05/05/1985,female (worker),adult,Figueroa Mountain,NA,NA,34.768394,-119.863098,NA,United States,California,Santa Barbara,NA
TBC,Apis mellifera,gbif:1341976,body size,metasoma volume,NA,3d model,NA,individual,96.620675,single observation,mm3,NA,NA,NA,NA,UCSB-IZC00010368,03/05/1983,male,adult,Rattlesnake Canyon,NA,NA,34.471588,-119.687669,NA,United States,California,Santa Barbara,NA
TBC,Apis mellifera,gbif:1341976,body size,metasoma volume,NA,3d model,NA,individual,167.7663333,single observation,mm3,NA,NA,NA,NA,UCSB-IZC00058917,10/05/2018,male,adult,Refugio Canyon,NA,NA,34.494815,-120.065666,NA,United States,California,Santa Barbara,NA
TBC,Apis mellifera,gbif:1341976,body size,metasoma volume,NA,3d model,NA,individual,151.26375,single observation,mm3,NA,NA,NA,NA,UCSB-IZC00063126,,female (queen),adult,Artois,NA,NA,NA,NA,NA,United States,California,Glenn,NA
TBC,Apis mellifera,gbif:1341976,body size,metasoma volume,NA,3d model,NA,individual,152.5935,single observation,mm3,NA,NA,NA,NA,UCSB-IZC00063125,,female (queen),adult,Davis,NA,NA,NA,NA,NA,United States,California,Yolo,NA
TBC,Apis mellifera,gbif:1341976,body size,metasoma volume,NA,3d model,NA,individual,120.942725,single observation,mm3,NA,NA,NA,NA,UCSB-IZC00046552,14/05/2022,male,adult,Gould Park,NA,NA,34.465225,-119.650362,NA,United States,California,Santa Barbara,NA
TBC,Apis mellifera,gbif:1341976,body size,metasoma volume,NA,3d model,NA,individual,126.6105,single observation,mm3,NA,NA,NA,NA,UCSB-IZC00038704,13/07/1989,female (worker),adult,Santa Cruz Island,NA,NA,34.035595,-119.726303,NA,United States,California,Santa Barbara,NA
TBC,Apis mellifera,gbif:1341976,body size,metasoma volume,NA,3d model,NA,individual,165.7345,single observation,mm3,NA,NA,NA,NA,UCSB-IZC00056586,03/06/2019,male,adult,Isla Vista,NA,NA,34.414933,-119.85838,NA,United States,California,Santa Barbara,NA
TBC,Apis mellifera,gbif:1341976,body size,metasoma volume,NA,3d model,NA,individual,68.86895,single observation,mm3,NA,NA,NA,NA,UCSB-IZC00010548,07/05/1982,female (worker),adult,Scofield Park,NA,NA,34.742348,-119.854858,NA,United States,California,Santa Barbara,NA
TBC,Apis mellifera,gbif:1341976,body size,metasoma volume,NA,3d model,NA,individual,51.582675,single observation,mm3,NA,NA,NA,NA,UCSB-IZC00038675,19/06/1989,female (worker),adult,Santa Cruz Island,NA,NA,34.035595,-119.726303,NA,United States,California,Santa Barbara,NA
TBC,Apis mellifera,gbif:1341976,body size,whole body volume,NA,3d model,includes legs and wings,individual,382.691,single observation,mm3,NA,NA,NA,NA,UCSB-IZC00036309,18/05/2017,male,adult,"Trigo Road, Isla Vista",NA,NA,34.411177,-119.861674,NA,United States,California,Santa Barbara,NA
TBC,Apis mellifera,gbif:1341976,body size,whole body volume,NA,3d model,includes legs and wings,individual,213.6895,single observation,mm3,NA,NA,NA,NA,UCSB-IZC00010344,11/05/2016,female (worker),adult,Lake Los Carneros,NA,NA,34.441666,-119.848335,NA,United States,California,Santa Barbara,NA
TBC,Apis mellifera,gbif:1341976,body size,whole body volume,NA,3d model,includes legs and wings,individual,189.8275,single observation,mm3,NA,NA,NA,NA,UCSB-IZC00038712,19/06/1989,female (worker),adult,Santa Cruz Island,NA,NA,34.035595,-119.726303,NA,United States,California,Santa Barbara,NA
TBC,Apis mellifera,gbif:1341976,body size,whole body volume,NA,3d model,includes legs and wings,individual,222.0055,single observation,mm3,NA,NA,NA,NA,UCSB-IZC00010513,11/05/1983,female (worker),adult,Winchester Canyon,NA,NA,34.44055,-119.904584,NA,United States,California,Santa Barbara,NA
TBC,Apis mellifera,gbif:1341976,body size,whole body volume,NA,3d model,includes legs and wings,individual,175.84775,single observation,mm3,NA,NA,NA,NA,UCSB-IZC00037044,13/08/2019,female (worker),adult,North Parcel,NA,NA,34.4235,-119.8815,NA,United States,California,Santa Barbara,NA
TBC,Apis mellifera,gbif:1341976,body size,whole body volume,NA,3d model,includes legs and wings,individual,338.1035,single observation,mm3,NA,NA,NA,NA,UCSB-IZC00038880,20/03/2018,male,adult,Isla Vista,NA,NA,34.413329,-119.860972,NA,United States,California,Santa Barbara,NA
TBC,Apis mellifera,gbif:1341976,body size,whole body volume,NA,3d model,includes legs and wings,individual,187.18175,single observation,mm3,NA,NA,NA,NA,UCSB-IZC00042074,09/06/1999,female (worker),adult,"Isla Vista, Anisq'Oyo Park",NA,NA,34.412372,-119.856256,NA,United States,California,Santa Barbara,NA
TBC,Apis mellifera,gbif:1341976,body size,whole body volume,NA,3d model,includes legs and wings,individual,144.6315,single observation,mm3,NA,NA,NA,NA,UCSB-IZC00036327,19/11/2019,female (worker),adult,Santa Clara River,NA,NA,34.387065,-118.891438,NA,United States,California,Ventura,NA
TBC,Apis mellifera,gbif:1341976,body size,whole body volume,NA,3d model,includes legs and wings,individual,173.25925,single observation,mm3,NA,NA,NA,NA,UCSB-IZC00010524,1983-04-00,female (worker),adult,"University of California, Santa Barbara",NA,NA,34.412534,-119.847305,NA,United States,California,Santa Barbara,NA
TBC,Apis mellifera,gbif:1341976,body size,whole body volume,NA,3d model,includes legs and wings,individual,222.0055,single observation,mm3,NA,NA,NA,NA,UCSB-IZC00010557,05/05/1985,female (worker),adult,Figueroa Mountain,NA,NA,34.768394,-119.863098,NA,United States,California,Santa Barbara,NA
TBC,Apis mellifera,gbif:1341976,body size,whole body volume,NA,3d model,includes legs and wings,individual,353.5705,single observation,mm3,NA,NA,NA,NA,UCSB-IZC00010368,03/05/1983,male,adult,Rattlesnake Canyon,NA,NA,34.471588,-119.687669,NA,United States,California,Santa Barbara,NA
TBC,Apis mellifera,gbif:1341976,body size,whole body volume,NA,3d model,includes legs and wings,individual,414.1565,single observation,mm3,NA,NA,NA,NA,UCSB-IZC00058917,10/05/2018,male,adult,Refugio Canyon,NA,NA,34.494815,-120.065666,NA,United States,California,Santa Barbara,NA
TBC,Apis mellifera,gbif:1341976,body size,whole body volume,NA,3d model,includes legs and wings,individual,179.5465,single observation,mm3,NA,NA,NA,NA,UCSB-IZC00063126,,female (queen),adult,Artois,NA,NA,NA,NA,NA,United States,California,Glenn,NA
TBC,Apis mellifera,gbif:1341976,body size,whole body volume,NA,3d model,includes legs and wings,individual,338.567,single observation,mm3,NA,NA,NA,NA,UCSB-IZC00063125,,female (queen),adult,Davis,NA,NA,NA,NA,NA,United States,California,Yolo,NA
TBC,Apis mellifera,gbif:1341976,body size,whole body volume,NA,3d model,includes legs and wings,individual,311.8233333,single observation,mm3,NA,NA,NA,NA,UCSB-IZC00046552,14/05/2022,male,adult,Gould Park,NA,NA,34.465225,-119.650362,NA,United States,California,Santa Barbara,NA
TBC,Apis mellifera,gbif:1341976,body size,whole body volume,NA,3d model,includes legs and wings,individual,299.07875,single observation,mm3,NA,NA,NA,NA,UCSB-IZC00038704,13/07/1989,female (worker),adult,Santa Cruz Island,NA,NA,34.035595,-119.726303,NA,United States,California,Santa Barbara,NA
TBC,Apis mellifera,gbif:1341976,body size,whole body volume,NA,3d model,includes legs and wings,individual,450.002,single observation,mm3,NA,NA,NA,NA,UCSB-IZC00056586,03/06/2019,male,adult,Isla Vista,NA,NA,34.414933,-119.85838,NA,United States,California,Santa Barbara,NA
TBC,Apis mellifera,gbif:1341976,body size,whole body volume,NA,3d model,includes legs and wings,individual,186.157,single observation,mm3,NA,NA,NA,NA,UCSB-IZC00010548,07/05/1982,female (worker),adult,Scofield Park,NA,NA,34.742348,-119.854858,NA,United States,California,Santa Barbara,NA
TBC,Apis mellifera,gbif:1341976,body size,whole body volume,NA,3d model,includes legs and wings,individual,149.04125,single observation,mm3,NA,NA,NA,NA,UCSB-IZC00038675,19/06/1989,female (worker),adult,Santa Cruz Island,NA,NA,34.035595,-119.726303,NA,United States,California,Santa Barbara,NA
TBC,Apis mellifera,gbif:1341976,body size,whole body surface area,NA,3d model,includes legs and wings,individual,718.063,single observation,mm2,NA,NA,NA,NA,UCSB-IZC00036309,18/05/2017,male,adult,"Trigo Road, Isla Vista",NA,NA,34.411177,-119.861674,NA,United States,California,Santa Barbara,NA
TBC,Apis mellifera,gbif:1341976,body size,whole body surface area,NA,3d model,includes legs and wings,individual,432.27975,single observation,mm2,NA,NA,NA,NA,UCSB-IZC00010344,11/05/2016,female (worker),adult,Lake Los Carneros,NA,NA,34.441666,-119.848335,NA,United States,California,Santa Barbara,NA
TBC,Apis mellifera,gbif:1341976,body size,whole body surface area,NA,3d model,includes legs and wings,individual,363.65275,single observation,mm2,NA,NA,NA,NA,UCSB-IZC00038712,19/06/1989,female (worker),adult,Santa Cruz Island,NA,NA,34.035595,-119.726303,NA,United States,California,Santa Barbara,NA
TBC,Apis mellifera,gbif:1341976,body size,whole body surface area,NA,3d model,includes legs and wings,individual,396.895,single observation,mm2,NA,NA,NA,NA,UCSB-IZC00010513,11/05/1983,female (worker),adult,Winchester Canyon,NA,NA,34.44055,-119.904584,NA,United States,California,Santa Barbara,NA
TBC,Apis mellifera,gbif:1341976,body size,whole body surface area,NA,3d model,includes legs and wings,individual,415.0005,single observation,mm2,NA,NA,NA,NA,UCSB-IZC00037044,13/08/2019,female (worker),adult,North Parcel,NA,NA,34.4235,-119.8815,NA,United States,California,Santa Barbara,NA
TBC,Apis mellifera,gbif:1341976,body size,whole body surface area,NA,3d model,includes legs and wings,individual,601.84975,single observation,mm2,NA,NA,NA,NA,UCSB-IZC00038880,20/03/2018,male,adult,Isla Vista,NA,NA,34.413329,-119.860972,NA,United States,California,Santa Barbara,NA
TBC,Apis mellifera,gbif:1341976,body size,whole body surface area,NA,3d model,includes legs and wings,individual,412.8615,single observation,mm2,NA,NA,NA,NA,UCSB-IZC00042074,09/06/1999,female (worker),adult,"Isla Vista, Anisq'Oyo Park",NA,NA,34.412372,-119.856256,NA,United States,California,Santa Barbara,NA
TBC,Apis mellifera,gbif:1341976,body size,whole body surface area,NA,3d model,includes legs and wings,individual,407.10225,single observation,mm2,NA,NA,NA,NA,UCSB-IZC00036327,19/11/2019,female (worker),adult,Santa Clara River,NA,NA,34.387065,-118.891438,NA,United States,California,Ventura,NA
TBC,Apis mellifera,gbif:1341976,body size,whole body surface area,NA,3d model,includes legs and wings,individual,329.7765,single observation,mm2,NA,NA,NA,NA,UCSB-IZC00010524,1983-04-00,female (worker),adult,"University of California, Santa Barbara",NA,NA,34.412534,-119.847305,NA,United States,California,Santa Barbara,NA
TBC,Apis mellifera,gbif:1341976,body size,whole body surface area,NA,3d model,includes legs and wings,individual,396.895,single observation,mm2,NA,NA,NA,NA,UCSB-IZC00010557,05/05/1985,female (worker),adult,Figueroa Mountain,NA,NA,34.768394,-119.863098,NA,United States,California,Santa Barbara,NA
TBC,Apis mellifera,gbif:1341976,body size,whole body surface area,NA,3d model,includes legs and wings,individual,732.95775,single observation,mm2,NA,NA,NA,NA,UCSB-IZC00010368,03/05/1983,male,adult,Rattlesnake Canyon,NA,NA,34.471588,-119.687669,NA,United States,California,Santa Barbara,NA
TBC,Apis mellifera,gbif:1341976,body size,whole body surface area,NA,3d model,includes legs and wings,individual,638.084,single observation,mm2,NA,NA,NA,NA,UCSB-IZC00058917,10/05/2018,male,adult,Refugio Canyon,NA,NA,34.494815,-120.065666,NA,United States,California,Santa Barbara,NA
TBC,Apis mellifera,gbif:1341976,body size,whole body surface area,NA,3d model,includes legs and wings,individual,447.6975,single observation,mm2,NA,NA,NA,NA,UCSB-IZC00063126,,female (queen),adult,Artois,NA,NA,NA,NA,NA,United States,California,Glenn,NA
TBC,Apis mellifera,gbif:1341976,body size,whole body surface area,NA,3d model,includes legs and wings,individual,614.08275,single observation,mm2,NA,NA,NA,NA,UCSB-IZC00063125,,female (queen),adult,Davis,NA,NA,NA,NA,NA,United States,California,Yolo,NA
TBC,Apis mellifera,gbif:1341976,body size,whole body surface area,NA,3d model,includes legs and wings,individual,566.817,single observation,mm2,NA,NA,NA,NA,UCSB-IZC00046552,14/05/2022,male,adult,Gould Park,NA,NA,34.465225,-119.650362,NA,United States,California,Santa Barbara,NA
TBC,Apis mellifera,gbif:1341976,body size,whole body surface area,NA,3d model,includes legs and wings,individual,518.27725,single observation,mm2,NA,NA,NA,NA,UCSB-IZC00038704,13/07/1989,female (worker),adult,Santa Cruz Island,NA,NA,34.035595,-119.726303,NA,United States,California,Santa Barbara,NA
TBC,Apis mellifera,gbif:1341976,body size,whole body surface area,NA,3d model,includes legs and wings,individual,716.00075,single observation,mm2,NA,NA,NA,NA,UCSB-IZC00056586,03/06/2019,male,adult,Isla Vista,NA,NA,34.414933,-119.85838,NA,United States,California,Santa Barbara,NA
TBC,Apis mellifera,gbif:1341976,body size,whole body surface area,NA,3d model,includes legs and wings,individual,409.93575,single observation,mm2,NA,NA,NA,NA,UCSB-IZC00010548,07/05/1982,female (worker),adult,Scofield Park,NA,NA,34.742348,-119.854858,NA,United States,California,Santa Barbara,NA
TBC,Apis mellifera,gbif:1341976,body size,whole body surface area,NA,3d model,includes legs and wings,individual,359.05975,single observation,mm2,NA,NA,NA,NA,UCSB-IZC00038675,19/06/1989,female (worker),adult,Santa Cruz Island,NA,NA,34.035595,-119.726303,NA,United States,California,Santa Barbara,NA
TBC,Apis mellifera,gbif:1341976,body size,head surface area,NA,3d model,NA,individual,77.265,single observation,mm2,NA,NA,NA,NA,UCSB-IZC00036309,18/05/2017,male,adult,"Trigo Road, Isla Vista",NA,NA,34.411177,-119.861674,NA,United States,California,Santa Barbara,NA
TBC,Apis mellifera,gbif:1341976,body size,head surface area,NA,3d model,NA,individual,57.666425,single observation,mm2,NA,NA,NA,NA,UCSB-IZC00010344,11/05/2016,female (worker),adult,Lake Los Carneros,NA,NA,34.441666,-119.848335,NA,United States,California,Santa Barbara,NA
TBC,Apis mellifera,gbif:1341976,body size,head surface area,NA,3d model,NA,individual,53.680925,single observation,mm2,NA,NA,NA,NA,UCSB-IZC00038712,19/06/1989,female (worker),adult,Santa Cruz Island,NA,NA,34.035595,-119.726303,NA,United States,California,Santa Barbara,NA
TBC,Apis mellifera,gbif:1341976,body size,head surface area,NA,3d model,NA,individual,39.023625,single observation,mm2,NA,NA,NA,NA,UCSB-IZC00010513,11/05/1983,female (worker),adult,Winchester Canyon,NA,NA,34.44055,-119.904584,NA,United States,California,Santa Barbara,NA
TBC,Apis mellifera,gbif:1341976,body size,head surface area,NA,3d model,NA,individual,46.398825,single observation,mm2,NA,NA,NA,NA,UCSB-IZC00037044,13/08/2019,female (worker),adult,North Parcel,NA,NA,34.4235,-119.8815,NA,United States,California,Santa Barbara,NA
TBC,Apis mellifera,gbif:1341976,body size,head surface area,NA,3d model,NA,individual,55.7236,single observation,mm2,NA,NA,NA,NA,UCSB-IZC00038880,20/03/2018,male,adult,Isla Vista,NA,NA,34.413329,-119.860972,NA,United States,California,Santa Barbara,NA
TBC,Apis mellifera,gbif:1341976,body size,head surface area,NA,3d model,NA,individual,61.157025,single observation,mm2,NA,NA,NA,NA,UCSB-IZC00042074,09/06/1999,female (worker),adult,"Isla Vista, Anisq'Oyo Park",NA,NA,34.412372,-119.856256,NA,United States,California,Santa Barbara,NA
TBC,Apis mellifera,gbif:1341976,body size,head surface area,NA,3d model,NA,individual,42.426125,single observation,mm2,NA,NA,NA,NA,UCSB-IZC00036327,19/11/2019,female (worker),adult,Santa Clara River,NA,NA,34.387065,-118.891438,NA,United States,California,Ventura,NA
TBC,Apis mellifera,gbif:1341976,body size,head surface area,NA,3d model,NA,individual,48.181075,single observation,mm2,NA,NA,NA,NA,UCSB-IZC00010524,1983-04-00,female (worker),adult,"University of California, Santa Barbara",NA,NA,34.412534,-119.847305,NA,United States,California,Santa Barbara,NA
TBC,Apis mellifera,gbif:1341976,body size,head surface area,NA,3d model,NA,individual,55.402625,single observation,mm2,NA,NA,NA,NA,UCSB-IZC00010557,05/05/1985,female (worker),adult,Figueroa Mountain,NA,NA,34.768394,-119.863098,NA,United States,California,Santa Barbara,NA
TBC,Apis mellifera,gbif:1341976,body size,head surface area,NA,3d model,NA,individual,55.723425,single observation,mm2,NA,NA,NA,NA,UCSB-IZC00010368,03/05/1983,male,adult,Rattlesnake Canyon,NA,NA,34.471588,-119.687669,NA,United States,California,Santa Barbara,NA
TBC,Apis mellifera,gbif:1341976,body size,head surface area,NA,3d model,NA,individual,64.10773333,single observation,mm2,NA,NA,NA,NA,UCSB-IZC00058917,10/05/2018,male,adult,Refugio Canyon,NA,NA,34.494815,-120.065666,NA,United States,California,Santa Barbara,NA
TBC,Apis mellifera,gbif:1341976,body size,head surface area,NA,3d model,NA,individual,55.3655,single observation,mm2,NA,NA,NA,NA,UCSB-IZC00063126,,female (queen),adult,Artois,NA,NA,NA,NA,NA,United States,California,Glenn,NA
TBC,Apis mellifera,gbif:1341976,body size,head surface area,NA,3d model,NA,individual,58.774875,single observation,mm2,NA,NA,NA,NA,UCSB-IZC00063125,,female (queen),adult,Davis,NA,NA,NA,NA,NA,United States,California,Yolo,NA
TBC,Apis mellifera,gbif:1341976,body size,head surface area,NA,3d model,NA,individual,48.69375,single observation,mm2,NA,NA,NA,NA,UCSB-IZC00046552,14/05/2022,male,adult,Gould Park,NA,NA,34.465225,-119.650362,NA,United States,California,Santa Barbara,NA
TBC,Apis mellifera,gbif:1341976,body size,head surface area,NA,3d model,NA,individual,64.7079,single observation,mm2,NA,NA,NA,NA,UCSB-IZC00038704,13/07/1989,female (worker),adult,Santa Cruz Island,NA,NA,34.035595,-119.726303,NA,United States,California,Santa Barbara,NA
TBC,Apis mellifera,gbif:1341976,body size,head surface area,NA,3d model,NA,individual,69.9875,single observation,mm2,NA,NA,NA,NA,UCSB-IZC00056586,03/06/2019,male,adult,Isla Vista,NA,NA,34.414933,-119.85838,NA,United States,California,Santa Barbara,NA
TBC,Apis mellifera,gbif:1341976,body size,head surface area,NA,3d model,NA,individual,53.2369,single observation,mm2,NA,NA,NA,NA,UCSB-IZC00010548,07/05/1982,female (worker),adult,Scofield Park,NA,NA,34.742348,-119.854858,NA,United States,California,Santa Barbara,NA
TBC,Apis mellifera,gbif:1341976,body size,head surface area,NA,3d model,NA,individual,44.625775,single observation,mm2,NA,NA,NA,NA,UCSB-IZC00038675,19/06/1989,female (worker),adult,Santa Cruz Island,NA,NA,34.035595,-119.726303,NA,United States,California,Santa Barbara,NA
TBC,Apis mellifera,gbif:1341976,body size,mesosoma surface area,NA,3d model,NA,individual,161.156,single observation,mm2,NA,NA,NA,NA,UCSB-IZC00036309,18/05/2017,male,adult,"Trigo Road, Isla Vista",NA,NA,34.411177,-119.861674,NA,United States,California,Santa Barbara,NA
TBC,Apis mellifera,gbif:1341976,body size,mesosoma surface area,NA,3d model,NA,individual,135.71975,single observation,mm2,NA,NA,NA,NA,UCSB-IZC00010344,11/05/2016,female (worker),adult,Lake Los Carneros,NA,NA,34.441666,-119.848335,NA,United States,California,Santa Barbara,NA
TBC,Apis mellifera,gbif:1341976,body size,mesosoma surface area,NA,3d model,NA,individual,122.501,single observation,mm2,NA,NA,NA,NA,UCSB-IZC00038712,19/06/1989,female (worker),adult,Santa Cruz Island,NA,NA,34.035595,-119.726303,NA,United States,California,Santa Barbara,NA
TBC,Apis mellifera,gbif:1341976,body size,mesosoma surface area,NA,3d model,NA,individual,77.689925,single observation,mm2,NA,NA,NA,NA,UCSB-IZC00010513,11/05/1983,female (worker),adult,Winchester Canyon,NA,NA,34.44055,-119.904584,NA,United States,California,Santa Barbara,NA
TBC,Apis mellifera,gbif:1341976,body size,mesosoma surface area,NA,3d model,NA,individual,94.1549,single observation,mm2,NA,NA,NA,NA,UCSB-IZC00037044,13/08/2019,female (worker),adult,North Parcel,NA,NA,34.4235,-119.8815,NA,United States,California,Santa Barbara,NA
TBC,Apis mellifera,gbif:1341976,body size,mesosoma surface area,NA,3d model,NA,individual,159.7715,single observation,mm2,NA,NA,NA,NA,UCSB-IZC00038880,20/03/2018,male,adult,Isla Vista,NA,NA,34.413329,-119.860972,NA,United States,California,Santa Barbara,NA
TBC,Apis mellifera,gbif:1341976,body size,mesosoma surface area,NA,3d model,NA,individual,129.7773333,single observation,mm2,NA,NA,NA,NA,UCSB-IZC00042074,09/06/1999,female (worker),adult,"Isla Vista, Anisq'Oyo Park",NA,NA,34.412372,-119.856256,NA,United States,California,Santa Barbara,NA
TBC,Apis mellifera,gbif:1341976,body size,mesosoma surface area,NA,3d model,NA,individual,69.947625,single observation,mm2,NA,NA,NA,NA,UCSB-IZC00036327,19/11/2019,female (worker),adult,Santa Clara River,NA,NA,34.387065,-118.891438,NA,United States,California,Ventura,NA
TBC,Apis mellifera,gbif:1341976,body size,mesosoma surface area,NA,3d model,NA,individual,92.836975,single observation,mm2,NA,NA,NA,NA,UCSB-IZC00010524,1983-04-00,female (worker),adult,"University of California, Santa Barbara",NA,NA,34.412534,-119.847305,NA,United States,California,Santa Barbara,NA
TBC,Apis mellifera,gbif:1341976,body size,mesosoma surface area,NA,3d model,NA,individual,128.261,single observation,mm2,NA,NA,NA,NA,UCSB-IZC00010557,05/05/1985,female (worker),adult,Figueroa Mountain,NA,NA,34.768394,-119.863098,NA,United States,California,Santa Barbara,NA
TBC,Apis mellifera,gbif:1341976,body size,mesosoma surface area,NA,3d model,NA,individual,178.4975,single observation,mm2,NA,NA,NA,NA,UCSB-IZC00010368,03/05/1983,male,adult,Rattlesnake Canyon,NA,NA,34.471588,-119.687669,NA,United States,California,Santa Barbara,NA
TBC,Apis mellifera,gbif:1341976,body size,mesosoma surface area,NA,3d model,NA,individual,298.667,single observation,mm2,NA,NA,NA,NA,UCSB-IZC00058917,10/05/2018,male,adult,Refugio Canyon,NA,NA,34.494815,-120.065666,NA,United States,California,Santa Barbara,NA
TBC,Apis mellifera,gbif:1341976,body size,mesosoma surface area,NA,3d model,NA,individual,148.079,single observation,mm2,NA,NA,NA,NA,UCSB-IZC00063126,,female (queen),adult,Artois,NA,NA,NA,NA,NA,United States,California,Glenn,NA
TBC,Apis mellifera,gbif:1341976,body size,mesosoma surface area,NA,3d model,NA,individual,144.603,single observation,mm2,NA,NA,NA,NA,UCSB-IZC00063125,,female (queen),adult,Davis,NA,NA,NA,NA,NA,United States,California,Yolo,NA
TBC,Apis mellifera,gbif:1341976,body size,mesosoma surface area,NA,3d model,NA,individual,145.97825,single observation,mm2,NA,NA,NA,NA,UCSB-IZC00046552,14/05/2022,male,adult,Gould Park,NA,NA,34.465225,-119.650362,NA,United States,California,Santa Barbara,NA
TBC,Apis mellifera,gbif:1341976,body size,mesosoma surface area,NA,3d model,NA,individual,116.9015,single observation,mm2,NA,NA,NA,NA,UCSB-IZC00038704,13/07/1989,female (worker),adult,Santa Cruz Island,NA,NA,34.035595,-119.726303,NA,United States,California,Santa Barbara,NA
TBC,Apis mellifera,gbif:1341976,body size,mesosoma surface area,NA,3d model,NA,individual,205.3395,single observation,mm2,NA,NA,NA,NA,UCSB-IZC00056586,03/06/2019,male,adult,Isla Vista,NA,NA,34.414933,-119.85838,NA,United States,California,Santa Barbara,NA
TBC,Apis mellifera,gbif:1341976,body size,mesosoma surface area,NA,3d model,NA,individual,114.749,single observation,mm2,NA,NA,NA,NA,UCSB-IZC00010548,07/05/1982,female (worker),adult,Scofield Park,NA,NA,34.742348,-119.854858,NA,United States,California,Santa Barbara,NA
TBC,Apis mellifera,gbif:1341976,body size,mesosoma surface area,NA,3d model,NA,individual,103.386425,single observation,mm2,NA,NA,NA,NA,UCSB-IZC00038675,19/06/1989,female (worker),adult,Santa Cruz Island,NA,NA,34.035595,-119.726303,NA,United States,California,Santa Barbara,NA
TBC,Apis mellifera,gbif:1341976,body size,metasoma surface area,NA,3d model,NA,individual,168.964,single observation,mm2,NA,NA,NA,NA,UCSB-IZC00036309,18/05/2017,male,adult,"Trigo Road, Isla Vista",NA,NA,34.411177,-119.861674,NA,United States,California,Santa Barbara,NA
TBC,Apis mellifera,gbif:1341976,body size,metasoma surface area,NA,3d model,NA,individual,132.72475,single observation,mm2,NA,NA,NA,NA,UCSB-IZC00010344,11/05/2016,female (worker),adult,Lake Los Carneros,NA,NA,34.441666,-119.848335,NA,United States,California,Santa Barbara,NA
TBC,Apis mellifera,gbif:1341976,body size,metasoma surface area,NA,3d model,NA,individual,99.787225,single observation,mm2,NA,NA,NA,NA,UCSB-IZC00038712,19/06/1989,female (worker),adult,Santa Cruz Island,NA,NA,34.035595,-119.726303,NA,United States,California,Santa Barbara,NA
TBC,Apis mellifera,gbif:1341976,body size,metasoma surface area,NA,3d model,NA,individual,85.858475,single observation,mm2,NA,NA,NA,NA,UCSB-IZC00010513,11/05/1983,female (worker),adult,Winchester Canyon,NA,NA,34.44055,-119.904584,NA,United States,California,Santa Barbara,NA
TBC,Apis mellifera,gbif:1341976,body size,metasoma surface area,NA,3d model,NA,individual,112.41225,single observation,mm2,NA,NA,NA,NA,UCSB-IZC00037044,13/08/2019,female (worker),adult,North Parcel,NA,NA,34.4235,-119.8815,NA,United States,California,Santa Barbara,NA
TBC,Apis mellifera,gbif:1341976,body size,metasoma surface area,NA,3d model,NA,individual,173.05325,single observation,mm2,NA,NA,NA,NA,UCSB-IZC00038880,20/03/2018,male,adult,Isla Vista,NA,NA,34.413329,-119.860972,NA,United States,California,Santa Barbara,NA
TBC,Apis mellifera,gbif:1341976,body size,metasoma surface area,NA,3d model,NA,individual,109.52675,single observation,mm2,NA,NA,NA,NA,UCSB-IZC00042074,09/06/1999,female (worker),adult,"Isla Vista, Anisq'Oyo Park",NA,NA,34.412372,-119.856256,NA,United States,California,Santa Barbara,NA
TBC,Apis mellifera,gbif:1341976,body size,metasoma surface area,NA,3d model,NA,individual,82.502725,single observation,mm2,NA,NA,NA,NA,UCSB-IZC00036327,19/11/2019,female (worker),adult,Santa Clara River,NA,NA,34.387065,-118.891438,NA,United States,California,Ventura,NA
TBC,Apis mellifera,gbif:1341976,body size,metasoma surface area,NA,3d model,NA,individual,112.0595,single observation,mm2,NA,NA,NA,NA,UCSB-IZC00010524,1983-04-00,female (worker),adult,"University of California, Santa Barbara",NA,NA,34.412534,-119.847305,NA,United States,California,Santa Barbara,NA
TBC,Apis mellifera,gbif:1341976,body size,metasoma surface area,NA,3d model,NA,individual,121.76325,single observation,mm2,NA,NA,NA,NA,UCSB-IZC00010557,05/05/1985,female (worker),adult,Figueroa Mountain,NA,NA,34.768394,-119.863098,NA,United States,California,Santa Barbara,NA
TBC,Apis mellifera,gbif:1341976,body size,metasoma surface area,NA,3d model,NA,individual,142.3345,single observation,mm2,NA,NA,NA,NA,UCSB-IZC00010368,03/05/1983,male,adult,Rattlesnake Canyon,NA,NA,34.471588,-119.687669,NA,United States,California,Santa Barbara,NA
TBC,Apis mellifera,gbif:1341976,body size,metasoma surface area,NA,3d model,NA,individual,231.758,single observation,mm2,NA,NA,NA,NA,UCSB-IZC00058917,10/05/2018,male,adult,Refugio Canyon,NA,NA,34.494815,-120.065666,NA,United States,California,Santa Barbara,NA
TBC,Apis mellifera,gbif:1341976,body size,metasoma surface area,NA,3d model,NA,individual,173.5835,single observation,mm2,NA,NA,NA,NA,UCSB-IZC00063126,,female (queen),adult,Artois,NA,NA,NA,NA,NA,United States,California,Glenn,NA
TBC,Apis mellifera,gbif:1341976,body size,metasoma surface area,NA,3d model,NA,individual,168.012,single observation,mm2,NA,NA,NA,NA,UCSB-IZC00063125,,female (queen),adult,Davis,NA,NA,NA,NA,NA,United States,California,Yolo,NA
TBC,Apis mellifera,gbif:1341976,body size,metasoma surface area,NA,3d model,NA,individual,145.437,single observation,mm2,NA,NA,NA,NA,UCSB-IZC00046552,14/05/2022,male,adult,Gould Park,NA,NA,34.465225,-119.650362,NA,United States,California,Santa Barbara,NA
TBC,Apis mellifera,gbif:1341976,body size,metasoma surface area,NA,3d model,NA,individual,155.08925,single observation,mm2,NA,NA,NA,NA,UCSB-IZC00038704,13/07/1989,female (worker),adult,Santa Cruz Island,NA,NA,34.035595,-119.726303,NA,United States,California,Santa Barbara,NA
TBC,Apis mellifera,gbif:1341976,body size,metasoma surface area,NA,3d model,NA,individual,185.5905,single observation,mm2,NA,NA,NA,NA,UCSB-IZC00056586,03/06/2019,male,adult,Isla Vista,NA,NA,34.414933,-119.85838,NA,United States,California,Santa Barbara,NA
TBC,Apis mellifera,gbif:1341976,body size,metasoma surface area,NA,3d model,NA,individual,100.7656,single observation,mm2,NA,NA,NA,NA,UCSB-IZC00010548,07/05/1982,female (worker),adult,Scofield Park,NA,NA,34.742348,-119.854858,NA,United States,California,Santa Barbara,NA
TBC,Apis mellifera,gbif:1341976,body size,metasoma surface area,NA,3d model,NA,individual,98.410825,single observation,mm2,NA,NA,NA,NA,UCSB-IZC00038675,19/06/1989,female (worker),adult,Santa Cruz Island,NA,NA,34.035595,-119.726303,NA,United States,California,Santa Barbara,NA